danielsjoshua,Aaron,Cooper,184464000000,0,lduffy@hotmail.com,6p0yjx
jjames,Christopher,Howell,790560000000,1,amelendez@suarez.com,9ugyua
colin09,Tanya,Chang,888278400000,1,whitemichelle@woods-smith.com,39edlm
david62,Ian,Boyd,-211334400000,0,toddnicole@hotmail.com,m51zqa
hinesdavid,Pamela,Gonzalez,751507200000,1,ygarrison@hotmail.com,7yq6fa
campbellkatie,Samuel,Vasquez,1044662400000,1,james23@gmail.com,wq0ze7
gordonrodriguez,Henry,Ferguson,726192000000,0,anthonygoodman@yahoo.com,r1o91b
brenthill,Alan,Anderson,732758400000,1,dicksondawn@pena.com,r5sakq
lyonscrystal,Brady,Shepherd,646185600000,1,stephanie94@hotmail.com,jw02fa
carlsonsarah,Kathryn,Morales,-493516800000,0,sandra51@collins-martinez.com,7abjhx
qsullivan,Angela,Reyes,-489801600000,1,sblair@walker.net,j04rkt
chubbard,Kristin,Gentry,75945600000,0,vaughntimothy@williams-cline.com,xj4v3x
johnsondennis,Luke,Cameron,-164419200000,0,rodney48@hotmail.com,ini0ne
jasonsmith,Alicia,Hughes,577411200000,1,brookspaul@garcia.com,q4ldt0
stevenrivera,Rick,Medina,626140800000,0,thomas95@jensen.biz,22tugo
henrynelson,Lori,Ortiz,-149731200000,0,ohorton@baldwin-mack.com,mly8lr
aaron58,Joel,Knight,943142400000,1,cdixon@yahoo.com,8fyk5o
sbrooks,Robert,Rice,-338342400000,1,johnrusso@hotmail.com,94y6nh
fosteramy,Julie,Rodriguez,70588800000,0,thomasblevins@stanley.biz,sf9wpo
teresaortiz,Paul,Williamson,685670400000,1,kimberlycunningham@lopez.com,92csdr
Email,NombrePorDefecto,ApellidoPorEntro,70588800000,1,emailPorDefecto@gmail.com,123
